original_commit	execution_plane_commit
12daf2546d06265450587a9f82888765139b892a 78539171f1f1cfee93c2ae9d7d580f6401075033
16ea0f47c991be1296cc741d8b830d5ee8a47abd 49385d4287ce3c33848ff9f36386143c0cfceef7
18a4a86a54b882c95280dfbf35fe31ddfe452dbf 56e120f2b8ee26f3d0d1d524fe48c0f8612aea8b
1b11a3843857825aee959d5ed3b34136a11b3e6a a095e34fa613a4378252d9f9f5f0d19651957b68
2c46beffcfdebedea746c256a2771fc73c4fc56e 61461b5f5026e896fa65dc3951b4fd26f4ad6b90
3c893bf3553fd4f7c74e93b0a0b16680f2d4dab3 bb1a40f45c60d07171365be49d765436fdd269de
3f26b78210126cc541a6f4c4c40456e2782e2170 76ced89d9e27e923c0ee729d63177b8a580c296c
4127b78e13d071bf3d2b8f948a036303d96887f9 7c444c313ef1bebca2c77a4e8e4eecb67b595bac
458dcfabf837f2d375c7a79979d8baae546bc405 beea34c13debabf7f6972cad2f1c275f9ecc378f
49b503b098152bbff5721ea3a947f93166e5e57a 759bba2cddfff95fbd0e5f22c9a454ed3398d4bf
58f1b4ecdbc105bfbba4efa8e6152e67c8f67ba7 1cb2cd279395539499982c86f66bc454e8747709
59750fac789910525fbb8840c916cd5628268ff0 1a508919197dc689603c27a61cc86e82c2e02a02
5fd273e24e05025f756657ed1b84b18a19433959 2863ac84b5109b6a2790f59fc9cb35cd7be1f66b
699131a0c4b2a9b3207df68ae96c1c7586d09582 0fdbe05a4567180d0f1b6617c0027f7204fe056e
81d81a6b4a2dfb36f791f83f2c8dca956dfac005 c90751a1e4f97c15d55392d4485d5fa93fae58f9
865e41fb1a7c58bb4a3aad046d717d276500aa91 ee11f1ab1e9d39881e19ddcafcbbcab9a9bf8e05
8b699e2016a3d57ed4cdaec617f8405bd9554977 f6e20a17f389af918eb2b366429feac263197e60
8d914fb58c2dde51d6e0728cabfaad03e6c65cf0 d27346f6cbbfe301305c4aa81703d92291f738b2
91401f0db1e853cdaac934ad0ecb917b8631f4f5 a83da57aca5a55ca1b45a5fa6d3567639765a834
97e9abd79cb0febe90fba19eb0a20b61ace96351 584263adbd2c3ec7f8aeda8c55f14497a1a7dee1
9c69199f5ac9bbddbf243f3b253733cd9d312158 bc9116e45142232a2815b57c9ba073aaa62ab9d5
9c7156db14d6ff92f3c657f2b848469306f3cf0e 9c190834bb8a6bea50b9864c95ece5fba3a4a7e5
a43157055a12e50a6ac73bad2555ba07303f8fa2 502ef5eb4b7b38449c40ce46ebf534c0728ae7e8
b1e510a768b2204754b8b7d5d19ce85ce996545a 9bfd864b7fa5c32810aa20672a9f812b01f4ead2
c4468afb22f5135e7a0a72c7df413859ebd99cb2 480b3b53b7d2c50d018f1f1c66c62bc468f57a66
c5ac661a71856a35dba35128c8a820bcc2fc119a c5ac661a71856a35dba35128c8a820bcc2fc119a
cedf462c6dc25d4c6cc1fd69c23db8a26c59f94b 5ee39f9cf76523566313cfc8990c91d894358264
d3fb96cb82909a14b6fd10181fd4bbd35f349dcc c47f195232f51011f8751145bd8d45e21fae17ae
d4ae782b88cfd1341cca5eb4808776c4def863a6 ff1a86df6f9a622c72f0f25fa59ae9ddb71b012c
d54b9a36742232a15a96c59761174f885d234342 c85cb1613b10691172245ddea940a114da31902a
e7069f85deea54995e2527fd2a74c4ec0aec1729 7cea60dc7c5bf7e05c2e14bf24d053dd0de4129d
e9b939550eee5a0f8bbf78fe5e21d40657beec63 d4d731f801af0c285e673079e7263c43689d4e91
eb1ee1dd31231edebe98584e20ce41c2c90d373e 645efbbd9237dc6e3278b0ed9a512f920d4ef3a0
f3701f8b7c9ce1726bf67fd5fff7e976c1e9f649 8f215d9ee31a8acb472cfbf1deccffa6e31ea413
f5df62794b6a70e5c01e006ef3c2f9adecdab5fd c8cff3a838a1f3165902a3cb7016e8bf500b83a3
f846c35318c03947346e0ec18b10d84aeb6125fb 535aeb2416ef6aed056ade4b275f434756ef3944
